{"_runtime":54.38826396,"losses/alpha_loss":0.0003176853933837265,"global_step":100,"losses/alpha":1.0044656991958618,"losses/actor_loss":-4.218453407287598,"losses/qf1_loss":0.6897448301315308,"_wandb":{"runtime":60},"losses/qf2_values":2.2007761001586914,"_step":1,"losses/qf2_loss":0.348154753446579,"_timestamp":1.7289602714229376e+09,"charts/SPS":1,"losses/qf1_values":1.8253929615020752}