{"losses/qf1_values":2.3193705081939697,"losses/alpha_loss":0.00024159997701644897,"_runtime":55.122344479,"_wandb":{"runtime":57},"losses/actor_loss":-4.2018723487854,"losses/qf2_loss":0.5825527906417847,"losses/alpha":1.0050691366195679,"losses/qf1_loss":0.1451260894536972,"charts/SPS":1,"_timestamp":1.728960961812259e+09,"_step":1,"losses/qf2_values":1.8379089832305908,"global_step":100}