{"charts/SPS":1,"_step":1,"losses/alpha_loss":0.001620782190002501,"losses/qf1_loss":0.6008874773979187,"losses/alpha":1.0043058395385742,"global_step":100,"losses/qf1_values":2.5912671089172363,"losses/qf2_values":1.6985965967178345,"_wandb":{"runtime":56},"losses/actor_loss":-4.000466346740723,"_timestamp":1.7289610714402866e+09,"_runtime":54.549723202,"losses/qf2_loss":1.5788015127182007}