{"losses/qf1_values":13.285198211669922,"losses/actor_loss":-15.004798889160156,"_step":37,"charts/SPS":176,"losses/alpha":0.8279654383659363,"losses/qf1_loss":0.13499413430690765,"_timestamp":1.7283635675857725e+09,"global_step":1900,"losses/qf2_values":13.315088272094727,"_runtime":11.445897617,"losses/qf2_loss":0.1427570879459381,"_wandb":{"runtime":11},"losses/alpha_loss":-0.04592445120215416}