{"_wandb":{"runtime":207},"losses/qf1_values":2.7488975524902344,"losses/actor_loss":-5.111071586608887,"charts/SPS":1,"losses/qf2_loss":0.0349891297519207,"losses/qf1_loss":0.014333965256810188,"_step":3,"losses/qf2_values":2.8221771717071533,"global_step":200,"losses/alpha":0.9948365688323975,"losses/alpha_loss":-1.5452431398443878e-05,"_runtime":132.43379986,"_timestamp":1.728959249861463e+09}