{"_step":3,"_runtime":132.448183613,"losses/alpha":0.9932935237884521,"losses/qf2_values":2.524911880493164,"charts/SPS":1,"losses/qf1_values":2.5888798236846924,"losses/qf2_loss":0.02682463824748993,"global_step":200,"losses/actor_loss":-4.908118724822998,"losses/qf1_loss":0.025655079632997513,"_wandb":{"runtime":151},"losses/alpha_loss":-0.00016018826863728464,"_timestamp":1.728959676485382e+09}