{"losses/qf2_values":69.85139465332031,"losses/actor_loss":-69.87124633789062,"losses/qf1_values":69.84068298339844,"losses/alpha":0.2725107967853546,"_wandb":{"runtime":68},"_runtime":68.037623812,"losses/qf2_loss":0.009861655533313751,"losses/alpha_loss":-2.7026665210723877,"_timestamp":1.7283579058532546e+09,"global_step":11600,"losses/qf1_loss":0.009015719406306744,"_step":231,"charts/SPS":172}