{"losses/alpha_loss":-0.018519438803195953,"losses/alpha":0.9331451058387756,"losses/actor_loss":-13.640359878540039,"charts/SPS":161,"losses/qf2_loss":2.2781991958618164,"losses/qf2_values":11.678173065185547,"global_step":900,"losses/qf1_values":11.62436294555664,"_step":17,"losses/qf1_loss":2.9971401691436768,"_runtime":6.223027613,"_timestamp":1.7283776457586668e+09,"_wandb":{"runtime":6}}