{"losses/actor_loss":-11.225793838500977,"global_step":900,"_runtime":5.191508545,"losses/qf1_loss":0.5722761750221252,"losses/alpha_loss":-0.0012464087922126055,"losses/qf2_values":9.21772575378418,"_step":17,"_wandb":{"runtime":5},"_timestamp":1.7283777149964008e+09,"charts/SPS":197,"losses/alpha":0.9759689569473267,"losses/qf2_loss":0.5269452929496765,"losses/qf1_values":9.195860862731934}