{"_timestamp":1.7289622964606185e+09,"losses/qf1_loss":0.06979291886091232,"charts/SPS":1,"losses/qf1_values":5.999690532684326,"losses/actor_loss":-8.754366874694824,"losses/alpha_loss":-0.0013070693239569664,"losses/qf2_values":5.7006964683532715,"global_step":900,"losses/qf2_loss":0.06090257316827774,"_runtime":727.906336718,"_step":17,"_wandb":{"runtime":903},"losses/alpha":1.0264643430709839}