{"_timestamp":1.7289608853982582e+09,"losses/alpha_loss":0.0005350743304006755,"losses/qf2_values":2.6690099239349365,"losses/actor_loss":-4.21024227142334,"global_step":100,"_runtime":55.293349332,"losses/qf1_loss":0.9076183438301086,"losses/qf2_loss":0.3326866328716278,"_step":1,"losses/qf1_values":1.637458086013794,"_wandb":{"runtime":61},"charts/SPS":1,"losses/alpha":1.0023125410079956}