{"losses/actor_loss":-31.77178955078125,"_step":43,"charts/SPS":208,"losses/qf1_values":30.616580963134766,"losses/alpha":0.7913193702697754,"_runtime":11.168406562,"_timestamp":1.7283577423551843e+09,"_wandb":{"runtime":11},"losses/qf2_loss":0.41522639989852905,"losses/alpha_loss":-0.11604665219783783,"losses/qf2_values":30.44491958618164,"global_step":2200,"losses/qf1_loss":0.5608385801315308}