{"losses/alpha":1.0061025619506836,"_step":1,"losses/qf1_loss":0.11475048214197159,"_timestamp":1.728959440914478e+09,"_runtime":55.162704468,"losses/actor_loss":-4.187208652496338,"charts/SPS":1,"losses/qf2_loss":0.9540150761604309,"losses/qf2_values":1.70574951171875,"losses/alpha_loss":0.0007730594952590764,"_wandb":{"runtime":89},"losses/qf1_values":2.1415798664093018,"global_step":100}