{"losses/actor_loss":-8.396486282348633,"_step":17,"losses/qf2_loss":0.04952382668852806,"_timestamp":1.7289078177965724e+09,"charts/SPS":1,"losses/alpha_loss":-0.002349934307858348,"_wandb":{"runtime":832},"losses/qf2_values":5.654229640960693,"_runtime":674.796551246,"losses/qf1_values":5.77914571762085,"losses/qf1_loss":0.04725182056427002,"losses/alpha":1.0478394031524658,"global_step":900}