{"charts/SPS":1,"global_step":500,"losses/alpha_loss":3.0114097171463072e-05,"_step":9,"losses/actor_loss":-6.925825595855713,"losses/qf1_loss":0.0006617794279009104,"losses/qf1_values":4.279820442199707,"_timestamp":1.728960167570133e+09,"losses/alpha":0.9995296597480774,"_wandb":{"runtime":316},"losses/qf2_values":4.197029113769531,"losses/qf2_loss":0.01460014283657074,"_runtime":275.252512529}