{"losses/alpha":0.9985823035240173,"losses/alpha_loss":6.655729521298781e-05,"_step":3,"_timestamp":1.7289058368309639e+09,"losses/qf2_values":2.644158124923706,"losses/actor_loss":-5.260374069213867,"losses/qf1_loss":0.0007161451503634453,"losses/qf2_loss":0.032489217817783356,"global_step":200,"_runtime":105.322875865,"charts/SPS":1,"_wandb":{"runtime":157},"losses/qf1_values":2.7272937297821045}