{"losses/actor_loss":-4.249598503112793,"_runtime":54.537083745,"_wandb":{"runtime":59},"losses/qf2_loss":1.0361179113388062,"losses/qf2_values":1.762139916419983,"global_step":100,"_step":1,"charts/SPS":1,"losses/alpha":1.0026379823684692,"losses/alpha_loss":0.00037437479477375746,"losses/qf1_loss":3.3557636737823486,"losses/qf1_values":1.3926973342895508,"_timestamp":1.7289605567906616e+09}