{"global_step":200,"losses/qf2_values":-40.7370719909668,"losses/qf2_loss":436.2120666503906,"losses/actor_loss":39.563873291015625,"_timestamp":1.7289041919283779e+09,"losses/alpha":0.9879477024078369,"losses/alpha_loss":-0.03083452582359314,"losses/qf1_values":-30.74031639099121,"losses/qf1_loss":373.03790283203125,"charts/SPS":1,"_runtime":105.082365568,"_wandb":{"runtime":157},"_step":3}