{"_step":1,"_wandb":{"runtime":60},"_timestamp":1.72896069704526e+09,"losses/alpha_loss":0.00040075284778140485,"losses/actor_loss":-4.102719783782959,"global_step":100,"losses/qf2_values":2.245792865753174,"losses/alpha":1.0041825771331787,"charts/SPS":1,"_runtime":54.774565952,"losses/qf1_loss":1.2715262174606323,"losses/qf2_loss":0.5752846598625183,"losses/qf1_values":1.3821815252304077}