{"_wandb":{"runtime":147},"losses/qf2_loss":0.0016207777662202716,"losses/qf2_values":2.694843053817749,"charts/SPS":1,"_timestamp":1.7289056821840794e+09,"losses/actor_loss":-5.134315013885498,"losses/alpha":0.9961119294166565,"losses/alpha_loss":-4.733033347292803e-05,"global_step":200,"_runtime":105.049310141,"losses/qf1_loss":0.006898179184645414,"_step":3,"losses/qf1_values":2.664013147354126}