{"losses/qf2_loss":0.3049335777759552,"_wandb":{"runtime":63},"losses/alpha":1.0031046867370605,"charts/SPS":1,"_step":1,"losses/actor_loss":-4.746081829071045,"losses/alpha_loss":0.0004441554774530232,"losses/qf1_values":2.7377007007598877,"global_step":100,"_timestamp":1.7289604600913987e+09,"losses/qf1_loss":0.19450941681861877,"_runtime":55.012859138,"losses/qf2_values":2.411777973175049}