{"losses/qf2_values":2.2145421504974365,"losses/qf1_loss":0.0874648243188858,"losses/alpha":1.0026127099990845,"losses/actor_loss":-4.811734676361084,"global_step":100,"_runtime":54.782451678,"_step":1,"losses/qf1_values":2.550269842147827,"losses/qf2_loss":0.43336817622184753,"_wandb":{"runtime":76},"_timestamp":1.7289614027701766e+09,"charts/SPS":1,"losses/alpha_loss":0.0006033815443515778}